Base	G	A	T	C	sample
1	21.0350307445	26.7918218569	26.8096026589	25.3635447397	syn3-tumor
2	24.4899022868	27.173597274	24.5978174312	23.738683008	syn3-tumor
3	24.6738920533	25.7561620004	25.3008156757	24.2691302706	syn3-tumor
4	24.9954911871	24.8246264096	25.6095444945	24.5703379088	syn3-tumor
5	24.9884210005	25.5094332528	26.0324963981	23.4696493486	syn3-tumor
6	25.1400113821	25.5726495434	24.6371325396	24.6502065349	syn3-tumor
7	25.2995502367	25.5055884995	25.5945498564	23.6003114075	syn3-tumor
8	24.6407909691	25.638304236	25.4458601448	24.2750446501	syn3-tumor
9	24.2784435436	25.2905367067	25.9525331383	24.4784866114	syn3-tumor
10	24.6186121134	25.4843802407	25.419564061	24.4774435849	syn3-tumor
12	24.6119185401	25.4551187616	25.4318330194	24.5011296789	syn3-tumor
14	24.5940743811	25.4476044802	25.4509798057	24.507341333	syn3-tumor
16	24.7051173378	25.3373932749	25.4781696255	24.4793197618	syn3-tumor
18	24.7280545502	25.1874531874	25.4051889999	24.6793032625	syn3-tumor
20	24.8314196298	25.1311750318	25.3010478194	24.736357519	syn3-tumor
22	24.8978902954	25.1005073973	25.2014741227	24.8001281846	syn3-tumor
24	24.9852814889	25.0735498315	25.1154196164	24.8257490633	syn3-tumor
26	25.0540997692	25.0380781199	25.0423505597	24.8654715513	syn3-tumor
28	25.12460789	25.0762430241	24.9250387303	24.8741103556	syn3-tumor
30	25.2143365586	25.0063875841	24.9099115651	24.8693642923	syn3-tumor
32	25.2253168528	25.0123362404	24.8012087576	24.9611381491	syn3-tumor
34	25.2440552936	24.9528048618	24.7957442297	25.007395615	syn3-tumor
36	25.2513513086	24.8722879223	24.8897338175	24.9866269516	syn3-tumor
38	25.2546820355	24.8934102974	24.7605420102	25.0913656568	syn3-tumor
40	25.3333675512	24.8298088932	24.7562404832	25.0805830724	syn3-tumor
42	25.4067798133	24.8620963916	24.6721353207	25.0589884744	syn3-tumor
44	25.3937103904	24.8132758776	24.6722753084	25.1207384236	syn3-tumor
46	25.4107480939	24.7760956421	24.6344864065	25.1786698575	syn3-tumor
48	25.3813786048	24.7606939682	24.6541074341	25.2038199929	syn3-tumor
50	25.5282043712	24.807754035	24.5305851315	25.1334564623	syn3-tumor
52	25.3841454095	24.753183176	24.6580057963	25.2046656183	syn3-tumor
54	25.4169690819	24.7235014655	24.6851776917	25.1743517609	syn3-tumor
56	25.3634687469	24.7624618162	24.6646204913	25.2094489457	syn3-tumor
58	25.4218598447	24.768937926	24.5780759209	25.2311263085	syn3-tumor
60	25.3491375508	24.7278110208	24.6439255162	25.2791259122	syn3-tumor
62	25.4229507045	24.767085367	24.6259340674	25.184029861	syn3-tumor
64	25.3681719572	24.722827218	24.6511841027	25.2578167221	syn3-tumor
66	25.478961251	24.6764348281	24.5706104623	25.2739934587	syn3-tumor
68	25.4605751129	24.6402332381	24.5136446715	25.3855469774	syn3-tumor
70	25.5850201141	24.6853893742	24.458106093	25.2714844187	syn3-tumor
72	25.4754226145	24.6900255689	24.490271407	25.3442804096	syn3-tumor
74	25.5005745263	24.6503269639	24.5095969236	25.3395015861	syn3-tumor
76	25.4888012447	24.7334093665	24.488521581	25.2892678078	syn3-tumor
78	25.5222595773	24.6783871175	24.4604809525	25.3388723527	syn3-tumor
80	25.5464130422	24.6400751006	24.4362636247	25.3772482324	syn3-tumor
82	25.5206486416	24.640595262	24.4649186371	25.3738374593	syn3-tumor
84	25.6260357189	24.530877433	24.4706563626	25.3724304856	syn3-tumor
86	25.5419588432	24.6652043383	24.4099179614	25.3829188571	syn3-tumor
88	25.5763673641	24.655789971	24.3820666007	25.3857760642	syn3-tumor
90	25.555439917	24.5227446088	24.4328463236	25.4889691506	syn3-tumor
92	25.5899901181	24.5734873144	24.4053623511	25.4311602165	syn3-tumor
94	25.6199256809	24.5694270506	24.3741209082	25.4365263603	syn3-tumor
96	25.6682634402	24.5610157673	24.3210285826	25.4496922099	syn3-tumor
98	25.7299485811	24.5339140596	24.3213675624	25.414769797	syn3-tumor
100	25.93920787	24.4158875498	24.0912019201	25.55370266	syn3-tumor
1	20.9882600256	26.8366122299	26.7771585395	25.397969205	syn3-normal
2	24.49494756	27.1884186787	24.4791972627	23.8374364986	syn3-normal
3	24.6106810177	25.8327650311	25.3668848777	24.1896690735	syn3-normal
4	24.9795387903	24.8459979918	25.5448728595	24.6295903585	syn3-normal
5	24.9968921835	25.5218151692	25.9987160035	23.4825766439	syn3-normal
6	25.1461729383	25.5085507018	24.6646771083	24.6805992516	syn3-normal
7	25.3050776883	25.5069726569	25.6188621503	23.5690875046	syn3-normal
8	24.6052925118	25.7378573484	25.4502245375	24.2066256022	syn3-normal
9	24.3345949329	25.3890594201	25.916121369	24.3602242781	syn3-normal
10	24.6689474778	25.4628604709	25.4254808265	24.4427112248	syn3-normal
12	24.5642604135	25.4931712135	25.4875515139	24.4550168591	syn3-normal
14	24.5694011506	25.4539285413	25.5000344837	24.4766358244	syn3-normal
16	24.5951252406	25.3432740258	25.509898263	24.5517024706	syn3-normal
18	24.7058693304	25.1926989605	25.3811299131	24.7203017961	syn3-normal
20	24.7831956227	25.1483286342	25.2951992055	24.7732765377	syn3-normal
22	24.8753300088	25.1331636865	25.2089896079	24.7825166968	syn3-normal
24	24.975170169	25.1294918793	25.100883827	24.7944541247	syn3-normal
26	25.0114517206	25.1003834836	25.0084717189	24.8796930769	syn3-normal
28	25.0797270103	25.0812170358	24.9667830731	24.8722728807	syn3-normal
30	25.1064549007	24.9538716717	25.0223297722	24.9173436554	syn3-normal
32	25.1516405867	25.0059471106	24.89357463	24.9488376726	syn3-normal
34	25.2493732126	25.0210632938	24.8002501186	24.929313375	syn3-normal
36	25.271446569	24.9048738745	24.8518307545	24.971848802	syn3-normal
38	25.2714109792	24.9322697619	24.7517268121	25.0445924468	syn3-normal
40	25.2611099865	24.908190119	24.7230574171	25.1076424774	syn3-normal
42	25.3531021664	24.8604728491	24.7278517167	25.0585732677	syn3-normal
44	25.380815633	24.8056641062	24.7315582901	25.0819619707	syn3-normal
46	25.3818797412	24.7761085834	24.7051097816	25.1369018937	syn3-normal
48	25.3932066684	24.7731184195	24.6530077778	25.1806671344	syn3-normal
50	25.5269068506	24.8070477439	24.5852664903	25.0807789153	syn3-normal
52	25.3393987538	24.8255757897	24.6505756404	25.1844498161	syn3-normal
54	25.3388909891	24.7759714022	24.6822723638	25.2028652449	syn3-normal
56	25.3651970039	24.8000307202	24.6162215438	25.2185507321	syn3-normal
58	25.4125691385	24.7965637516	24.6199465241	25.1709205858	syn3-normal
60	25.3266923873	24.7460576317	24.6397273986	25.2875225824	syn3-normal
62	25.4161938928	24.6897828363	24.6180079789	25.2760152921	syn3-normal
64	25.3458960355	24.8136695126	24.618538278	25.2218961738	syn3-normal
66	25.3332633478	24.7235358731	24.617448072	25.325752707	syn3-normal
68	25.3922798573	24.627306399	24.6271357127	25.353278031	syn3-normal
70	25.5836949718	24.7243314526	24.5340187219	25.1579548536	syn3-normal
72	25.4815412906	24.671429553	24.5777138402	25.2693153162	syn3-normal
74	25.4450384217	24.6748547051	24.5478563263	25.332250547	syn3-normal
76	25.4415840739	24.6576979292	24.5866023706	25.3141156263	syn3-normal
78	25.5006405502	24.564950766	24.5479234822	25.3864852016	syn3-normal
80	25.4869110126	24.6657767703	24.487484552	25.3598276651	syn3-normal
82	25.5035321288	24.6810756926	24.490493508	25.3248986705	syn3-normal
84	25.5245661033	24.5829611455	24.5165968383	25.3758759128	syn3-normal
86	25.5228575453	24.5967759145	24.537834135	25.3425324052	syn3-normal
88	25.5886661992	24.6597738754	24.4247554968	25.3268044286	syn3-normal
90	25.5529243269	24.5319800975	24.482006194	25.4330893816	syn3-normal
92	25.5766110944	24.5892263494	24.4266966914	25.4074658647	syn3-normal
94	25.5413564767	24.6029341222	24.4213012358	25.4344081653	syn3-normal
96	25.6001710568	24.551893617	24.3981644688	25.4497708574	syn3-normal
98	25.6685108246	24.5401200396	24.370543439	25.4208256968	syn3-normal
100	25.9212047917	24.4439120713	24.1185950816	25.5162880554	syn3-normal
